{"cameraMode":{"drawMode":0,"name":"Shaded","section":"Shading Mode"},"sceneLighting":true,"audioPlay":false,"sceneViewState":{"showFog":true,"showMaterialUpdate":false,"showSkybox":true,"showFlares":true,"showImageEffects":true,"showParticleSystems":true},"in2DMode":false,"pivot":{"x":-1.9435062408447266,"y":36.65474319458008,"z":-44.271575927734378},"rotation":{"x":-0.13976244628429414,"y":0.7043899297714233,"z":-0.1446215659379959,"w":-0.6807252764701843},"size":-4.6779913902282719,"orthographic":false}