{"cameraMode":{"drawMode":0,"name":"Shaded","section":"Shading Mode"},"sceneLighting":true,"audioPlay":false,"sceneViewState":{"showFog":false,"showMaterialUpdate":false,"showSkybox":false,"showFlares":false,"showImageEffects":false,"showParticleSystems":false},"in2DMode":false,"pivot":{"x":-2.6381397247314455,"y":18.046520233154298,"z":5.651092529296875},"rotation":{"x":-0.011457053944468499,"y":-0.8981766104698181,"z":0.4388643801212311,"w":-0.023448724299669267},"size":48.75817108154297,"orthographic":false}